[
    {
        "emisor": "maria.lopez@example.com",
        "receptor": "carlos.rodriguez@example.com",
        "estado": "ACEPTADA"
    },
    {
        "emisor": "juan.perez@example.com",
        "receptor": "maria.lopez@example.com",
        "estado": "PENDIENTE"
    },
    {
        "emisor": "carlos.rodriguez@example.com",
        "receptor": "juan.perez@example.com",
        "estado": "PENDIENTE"
    },
    {
        "emisor": "ana.martinez@example.com",
        "receptor": "maria.lopez@example.com",
        "estado": "ACEPTADA"
    }
]