[
  {
    "emisor": "carlos.gomez@example.com",
    "receptor": "calificacion.fase1@example.com",
    "estado": "PENDIENTE"
  },
  {
    "emisor": "calificacion.fase1@example.com",
    "receptor": "maria.lopez@example.com",
    "estado": "PENDIENTE"
  },
  {
    "emisor": "juan.martinez@example.com",
    "receptor": "calificacion.fase1@example.com",
    "estado": "ACEPTADA"
  },
  {
    "emisor": "calificacion.fase1@example.com",
    "receptor": "ana.hernandez@example.com",
    "estado": "PENDIENTE"
  },
  {
    "emisor": "luis.perez@example.com",
    "receptor": "calificacion.fase1@example.com",
    "estado": "PENDIENTE"
  },
  {
    "emisor": "calificacion.fase1@example.com",
    "receptor": "jose.garcia@example.com",
    "estado": "ACEPTADA"
  },
  {
    "emisor": "miguel.rodriguez@example.com",
    "receptor": "calificacion.fase1@example.com",
    "estado": "ACEPTADA"
  },
  {
    "emisor": "calificacion.fase1@example.com",
    "receptor": "elena.torres@example.com",
    "estado": "PENDIENTE"
  },
  {
    "emisor": "sofia.gonzalez@example.com",
    "receptor": "calificacion.fase1@example.com",
    "estado": "ACEPTADA"
  },
  {
    "emisor": "calificacion.fase1@example.com",
    "receptor": "miguel.rodriguez@example.com",
    "estado": "ACEPTADA"
  },
  {
    "emisor": "calificacion.fase1@example.com",
    "receptor": "sofia.gonzalez@example.com",
    "estado": "PENDIENTE"
  },
  {
    "emisor": "maria.lopez@example.com",
    "receptor": "calificacion.fase1@example.com",
    "estado": "PENDIENTE"
  }
]
